subfield_display,publication_year,domestic_publications,international_publications,total_publications,domestic_percentage,international_percentage,domestic_avg_citations,international_avg_citations
Artificial Intelligence,2015,956.0,316.0,1272.0,75.16,24.84,7.419456066945607,25.00632911392405
Computational Theory and Mathematics,2015,254.0,146.0,400.0,63.5,36.5,9.811023622047244,48.43150684931507
Computer Graphics and Computer-Aided Design,2015,30.0,8.0,38.0,78.95,21.05,3.8333333333333335,13.375
Computer Networks and Communications,2015,555.0,243.0,798.0,69.55,30.45,7.587387387387388,16.102880658436213
Computer Science Applications,2015,186.0,56.0,242.0,76.86,23.14,4.252688172043011,29.517857142857142
Computer Vision and Pattern Recognition,2015,465.0,137.0,602.0,77.24,22.76,9.804301075268818,13.386861313868613
Hardware and Architecture,2015,101.0,36.0,137.0,73.72,26.28,4.465346534653466,11.472222222222221
Human-Computer Interaction,2015,114.0,20.0,134.0,85.07,14.93,7.017543859649122,8.15
Information Systems,2015,1523.0,272.0,1795.0,84.85,15.15,3.562705187130663,12.430147058823529
Signal Processing,2015,166.0,55.0,221.0,75.11,24.89,12.240963855421686,15.472727272727273
Software,2015,65.0,23.0,88.0,73.86,26.14,5.076923076923077,9.478260869565217
Artificial Intelligence,2016,925.0,341.0,1266.0,73.06,26.94,8.17945945945946,24.780058651026394
Computational Theory and Mathematics,2016,202.0,120.0,322.0,62.73,37.27,9.301980198019802,17.183333333333334
Computer Graphics and Computer-Aided Design,2016,28.0,14.0,42.0,66.67,33.33,3.6785714285714284,6.857142857142857
Computer Networks and Communications,2016,521.0,249.0,770.0,67.66,32.34,6.18042226487524,16.943775100401606
Computer Science Applications,2016,181.0,80.0,261.0,69.35,30.65,7.066298342541437,12.0
Computer Vision and Pattern Recognition,2016,436.0,126.0,562.0,77.58,22.42,7.940366972477064,23.11904761904762
Hardware and Architecture,2016,102.0,41.0,143.0,71.33,28.67,5.0588235294117645,5.780487804878049
Human-Computer Interaction,2016,135.0,33.0,168.0,80.36,19.64,5.555555555555555,21.21212121212121
Information Systems,2016,1901.0,297.0,2198.0,86.49,13.51,2.547606522882693,55.80808080808081
Signal Processing,2016,163.0,62.0,225.0,72.44,27.56,8.282208588957054,33.16129032258065
Software,2016,77.0,26.0,103.0,74.76,25.24,4.987012987012987,18.807692307692307
Artificial Intelligence,2017,974.0,383.0,1357.0,71.78,28.22,8.632443531827516,19.827676240208877
Computational Theory and Mathematics,2017,224.0,149.0,373.0,60.05,39.95,7.116071428571429,11.12751677852349
Computer Graphics and Computer-Aided Design,2017,27.0,17.0,44.0,61.36,38.64,5.518518518518518,12.352941176470589
Computer Networks and Communications,2017,525.0,251.0,776.0,67.65,32.35,8.228571428571428,16.326693227091635
Computer Science Applications,2017,225.0,63.0,288.0,78.12,21.88,7.084444444444444,12.904761904761905
Computer Vision and Pattern Recognition,2017,420.0,156.0,576.0,72.92,27.08,8.75952380952381,18.96794871794872
Hardware and Architecture,2017,87.0,33.0,120.0,72.5,27.5,5.655172413793103,8.727272727272727
Human-Computer Interaction,2017,137.0,30.0,167.0,82.04,17.96,6.102189781021898,16.866666666666667
Information Systems,2017,1996.0,342.0,2338.0,85.37,14.63,3.1387775551102206,11.511695906432749
Signal Processing,2017,159.0,57.0,216.0,73.61,26.39,5.515723270440252,15.298245614035087
Software,2017,78.0,23.0,101.0,77.23,22.77,5.358974358974359,15.304347826086957
Artificial Intelligence,2018,1110.0,432.0,1542.0,71.98,28.02,7.489189189189189,18.212962962962962
Computational Theory and Mathematics,2018,289.0,150.0,439.0,65.83,34.17,6.955017301038063,15.56
Computer Graphics and Computer-Aided Design,2018,30.0,13.0,43.0,69.77,30.23,4.6,7.076923076923077
Computer Networks and Communications,2018,644.0,311.0,955.0,67.43,32.57,5.725155279503106,23.829581993569132
Computer Science Applications,2018,238.0,64.0,302.0,78.81,21.19,10.042016806722689,9.40625
Computer Vision and Pattern Recognition,2018,494.0,159.0,653.0,75.65,24.35,7.7408906882591095,26.245283018867923
Hardware and Architecture,2018,96.0,44.0,140.0,68.57,31.43,3.3958333333333335,8.386363636363637
Human-Computer Interaction,2018,143.0,32.0,175.0,81.71,18.29,6.629370629370629,13.75
Information Systems,2018,2197.0,363.0,2560.0,85.82,14.18,2.7746927628584435,13.239669421487603
Signal Processing,2018,177.0,66.0,243.0,72.84,27.16,6.655367231638418,16.78787878787879
Software,2018,48.0,27.0,75.0,64.0,36.0,5.979166666666667,24.22222222222222
Artificial Intelligence,2019,1140.0,435.0,1575.0,72.38,27.62,6.809649122807017,19.275862068965516
Computational Theory and Mathematics,2019,267.0,141.0,408.0,65.44,34.56,8.224719101123595,10.297872340425531
Computer Graphics and Computer-Aided Design,2019,35.0,14.0,49.0,71.43,28.57,1.8571428571428572,13.5
Computer Networks and Communications,2019,684.0,333.0,1017.0,67.26,32.74,5.5394736842105265,22.714714714714713
Computer Science Applications,2019,312.0,77.0,389.0,80.21,19.79,4.544871794871795,9.779220779220779
Computer Vision and Pattern Recognition,2019,575.0,214.0,789.0,72.88,27.12,7.40695652173913,23.1588785046729
Hardware and Architecture,2019,52.0,49.0,101.0,51.49,48.51,3.75,11.979591836734693
Human-Computer Interaction,2019,178.0,48.0,226.0,78.76,21.24,4.53932584269663,12.0625
Information Systems,2019,2098.0,427.0,2525.0,83.09,16.91,2.574833174451859,9.449648711943794
Signal Processing,2019,196.0,64.0,260.0,75.38,24.62,4.811224489795919,12.328125
Software,2019,68.0,31.0,99.0,68.69,31.31,6.132352941176471,12.903225806451612
Artificial Intelligence,2020,1143.0,507.0,1650.0,69.27,30.73,6.120734908136483,13.834319526627219
Computational Theory and Mathematics,2020,253.0,165.0,418.0,60.53,39.47,8.114624505928854,14.824242424242424
Computer Graphics and Computer-Aided Design,2020,26.0,9.0,35.0,74.29,25.71,3.5384615384615383,4.333333333333333
Computer Networks and Communications,2020,593.0,306.0,899.0,65.96,34.04,4.686340640809443,14.928104575163399
Computer Science Applications,2020,232.0,91.0,323.0,71.83,28.17,4.642241379310345,10.967032967032967
Computer Vision and Pattern Recognition,2020,500.0,239.0,739.0,67.66,32.34,7.562,15.585774058577407
Hardware and Architecture,2020,98.0,48.0,146.0,67.12,32.88,3.204081632653061,4.166666666666667
Human-Computer Interaction,2020,179.0,37.0,216.0,82.87,17.13,4.385474860335195,4.972972972972973
Information Systems,2020,2867.0,539.0,3406.0,84.17,15.83,3.306941053365888,11.630797773654917
Signal Processing,2020,164.0,59.0,223.0,73.54,26.46,6.554878048780488,12.847457627118644
Software,2020,73.0,26.0,99.0,73.74,26.26,7.123287671232877,7.3076923076923075
Artificial Intelligence,2021,1122.0,475.0,1597.0,70.26,29.74,4.0606060606060606,12.052631578947368
Computational Theory and Mathematics,2021,281.0,168.0,449.0,62.58,37.42,4.686832740213523,11.136904761904763
Computer Graphics and Computer-Aided Design,2021,24.0,11.0,35.0,68.57,31.43,2.0416666666666665,13.0
Computer Networks and Communications,2021,570.0,261.0,831.0,68.59,31.41,3.5403508771929824,11.0727969348659
Computer Science Applications,2021,246.0,95.0,341.0,72.14,27.86,3.630081300813008,14.926315789473684
Computer Vision and Pattern Recognition,2021,505.0,215.0,720.0,70.14,29.86,4.8316831683168315,12.604651162790697
Hardware and Architecture,2021,96.0,39.0,135.0,71.11,28.89,2.9791666666666665,4.435897435897436
Human-Computer Interaction,2021,146.0,52.0,198.0,73.74,26.26,4.184931506849315,7.384615384615385
Information Systems,2021,2768.0,596.0,3364.0,82.28,17.72,1.9732658959537572,4.231543624161074
Signal Processing,2021,160.0,58.0,218.0,73.39,26.61,3.38125,8.551724137931034
Software,2021,54.0,24.0,78.0,69.23,30.77,3.888888888888889,5.25
Artificial Intelligence,2022,937.0,442.0,1379.0,67.95,32.05,2.942369263607257,7.990950226244344
Computational Theory and Mathematics,2022,282.0,167.0,449.0,62.81,37.19,2.347517730496454,5.862275449101796
Computer Graphics and Computer-Aided Design,2022,19.0,11.0,30.0,63.33,36.67,1.1578947368421053,1.7272727272727273
Computer Networks and Communications,2022,466.0,218.0,684.0,68.13,31.87,2.6030042918454934,5.724770642201835
Computer Science Applications,2022,203.0,72.0,275.0,73.82,26.18,2.3497536945812807,4.791666666666667
Computer Vision and Pattern Recognition,2022,386.0,182.0,568.0,67.96,32.04,3.028497409326425,6.335164835164835
Hardware and Architecture,2022,72.0,19.0,91.0,79.12,20.88,1.5972222222222223,3.9473684210526314
Human-Computer Interaction,2022,144.0,65.0,209.0,68.9,31.1,2.5347222222222223,27.753846153846155
Information Systems,2022,2610.0,580.0,3190.0,81.82,18.18,1.236015325670498,3.1086206896551722
Signal Processing,2022,122.0,74.0,196.0,62.24,37.76,2.4262295081967213,7.554054054054054
Software,2022,44.0,9.0,53.0,83.02,16.98,2.1363636363636362,4.111111111111111
Artificial Intelligence,2023,980.0,434.0,1414.0,69.31,30.69,1.453061224489796,4.023041474654378
Computational Theory and Mathematics,2023,281.0,153.0,434.0,64.75,35.25,1.2811387900355873,3.1241830065359477
Computer Graphics and Computer-Aided Design,2023,18.0,9.0,27.0,66.67,33.33,0.8888888888888888,1.1111111111111112
Computer Networks and Communications,2023,424.0,216.0,640.0,66.25,33.75,1.3867924528301887,3.2777777777777777
Computer Science Applications,2023,245.0,92.0,337.0,72.7,27.3,1.7877551020408162,2.1956521739130435
Computer Vision and Pattern Recognition,2023,381.0,181.0,562.0,67.79,32.21,1.1653543307086613,3.3977900552486187
Hardware and Architecture,2023,57.0,27.0,84.0,67.86,32.14,0.7543859649122807,4.37037037037037
Human-Computer Interaction,2023,150.0,42.0,192.0,78.12,21.88,1.0266666666666666,2.357142857142857
Information Systems,2023,2724.0,638.0,3362.0,81.02,18.98,0.5084434654919237,1.3213166144200628
Signal Processing,2023,157.0,55.0,212.0,74.06,25.94,2.0191082802547773,2.5090909090909093
Software,2023,49.0,17.0,66.0,74.24,25.76,0.9795918367346939,1.588235294117647
Artificial Intelligence,2024,728.0,392.0,1120.0,65.0,35.0,0.4409340659340659,0.9362244897959183
Computational Theory and Mathematics,2024,139.0,122.0,261.0,53.26,46.74,0.5107913669064749,1.4180327868852458
Computer Graphics and Computer-Aided Design,2024,14.0,11.0,25.0,56.0,44.0,0.21428571428571427,0.9090909090909091
Computer Networks and Communications,2024,333.0,188.0,521.0,63.92,36.08,0.36036036036036034,1.127659574468085
Computer Science Applications,2024,193.0,78.0,271.0,71.22,28.78,0.19689119170984457,0.9743589743589743
Computer Vision and Pattern Recognition,2024,311.0,135.0,446.0,69.73,30.27,0.3408360128617363,0.9111111111111111
Hardware and Architecture,2024,50.0,22.0,72.0,69.44,30.56,0.16,0.09090909090909091
Human-Computer Interaction,2024,117.0,38.0,155.0,75.48,24.52,0.5555555555555556,1.1578947368421053
Information Systems,2024,1466.0,405.0,1871.0,78.35,21.65,0.17121418826739426,0.34814814814814815
Signal Processing,2024,80.0,45.0,125.0,64.0,36.0,0.375,1.5555555555555556
Software,2024,27.0,18.0,45.0,60.0,40.0,0.48148148148148145,0.5
